,Adj Close,Adj Close,Close,Close,High,High,Low,Low,Open,Open,Volume,Volume
,FB,^GSPC,FB,^GSPC,FB,^GSPC,FB,^GSPC,FB,^GSPC,FB,^GSPC
Date,,,,,,,,,,,,
2020-06-26,216.0800018310547,3009.050048828125,216.0800018310547,3009.050048828125,233.08999633789062,3073.72998046875,215.39999389648438,3004.6298828125,232.63999938964844,3073.199951171875,76343900,8098120000
2020-06-29,220.63999938964844,3053.239990234375,220.63999938964844,3053.239990234375,220.75,3053.889892578125,207.11000061035156,2999.739990234375,209.75,3018.590087890625,58514300,4462770000
2020-06-30,227.07000732421875,3100.2900390625,227.07000732421875,3100.2900390625,227.5,3111.510009765625,218.47000122070312,3047.830078125,220.58999633789062,3050.199951171875,33927100,4696280000
2020-07-01,237.5500030517578,3115.860107421875,237.5500030517578,3115.860107421875,239.0,3128.43994140625,227.55999755859375,3101.169921875,228.5,3105.919921875,43399700,4443130000
2020-07-02,233.4199981689453,3130.010009765625,233.4199981689453,3130.010009765625,240.0,3165.81005859375,232.61000061035156,3124.52001953125,239.0,3143.639892578125,30633600,4190830000
2020-07-06,240.27999877929688,3179.719970703125,240.27999877929688,3179.719970703125,240.39999389648438,3182.590087890625,232.27000427246094,3155.2900390625,233.75999450683594,3155.2900390625,26206200,4736450000
2020-07-07,240.86000061035156,3145.320068359375,240.86000061035156,3145.320068359375,247.64999389648438,3184.14990234375,238.82000732421875,3142.929931640625,239.41000366210938,3166.43994140625,27887800,4563700000
2020-07-08,243.5800018310547,3169.93994140625,243.5800018310547,3169.93994140625,246.99000549316406,3171.800048828125,236.58999633789062,3136.530029296875,238.11000061035156,3153.070068359375,29791300,4927700000
2020-07-09,244.5,3152.050048828125,244.5,3152.050048828125,246.52999877929688,3179.780029296875,239.24000549316406,3115.699951171875,245.0,3176.169921875,22174900,4829020000
2020-07-10,245.07000732421875,3185.0400390625,245.07000732421875,3185.0400390625,245.49000549316406,3186.820068359375,239.32000732421875,3136.219970703125,243.69000244140625,3152.469970703125,22982700,4515340000
2020-07-13,239.0,3155.219970703125,239.0,3155.219970703125,250.14999389648438,3235.320068359375,238.4199981689453,3149.429931640625,247.00999450683594,3205.080078125,24674900,4890780000
2020-07-14,239.72999572753906,3197.52001953125,239.72999572753906,3197.52001953125,240.3300018310547,3200.949951171875,232.02999877929688,3127.659912109375,236.75999450683594,3141.110107421875,23378100,4476170000
2020-07-15,240.27999877929688,3226.56005859375,240.27999877929688,3226.56005859375,244.82000732421875,3238.280029296875,238.0500030517578,3200.760009765625,241.5500030517578,3225.97998046875,19133600,4669760000
2020-07-16,240.92999267578125,3215.570068359375,240.92999267578125,3215.570068359375,241.75999450683594,3220.389892578125,236.3300018310547,3198.590087890625,238.0,3208.360107421875,18880700,3961230000
2020-07-17,242.02999877929688,3224.72998046875,242.02999877929688,3224.72998046875,244.16000366210938,3233.52001953125,237.86000061035156,3205.64990234375,241.0,3224.2099609375,18152400,3993830000
2020-07-20,245.4199981689453,3251.840087890625,245.4199981689453,3251.840087890625,246.0500030517578,3258.610107421875,235.63999938964844,3215.159912109375,240.05999755859375,3224.2900390625,20872200,3971200000
2020-07-21,241.75,3257.300048828125,241.75,3257.300048828125,246.91000366210938,3277.2900390625,240.0800018310547,3247.77001953125,246.22000122070312,3268.52001953125,19364200,4547960000
2020-07-22,239.8699951171875,3276.02001953125,239.8699951171875,3276.02001953125,241.89999389648438,3279.320068359375,238.1199951171875,3253.10009765625,240.25999450683594,3254.860107421875,15427900,4255190000
2020-07-23,232.60000610351562,3235.659912109375,232.60000610351562,3235.659912109375,242.4199981689453,3279.989990234375,231.75,3222.659912109375,239.6300048828125,3271.639892578125,21771800,4290460000
2020-07-24,230.7100067138672,3215.6298828125,230.7100067138672,3215.6298828125,233.49000549316406,3227.260009765625,226.89999389648438,3200.050048828125,230.19000244140625,3218.580078125,18325800,3894900000
2020-07-27,233.5,3239.409912109375,233.5,3239.409912109375,234.9499969482422,3241.429931640625,230.8300018310547,3214.25,231.4600067138672,3219.840087890625,13163100,3963910000
2020-07-28,230.1199951171875,3218.43994140625,230.1199951171875,3218.43994140625,234.9600067138672,3243.719970703125,229.8300018310547,3216.169921875,234.6300048828125,3234.27001953125,14170100,4027890000
2020-07-29,233.2899932861328,3258.43994140625,233.2899932861328,3258.43994140625,233.6999969482422,3264.739990234375,230.30999755859375,3227.219970703125,231.13999938964844,3227.219970703125,13588300,4676300000
2020-07-30,234.5,3246.219970703125,234.5,3246.219970703125,234.88999938964844,3250.919921875,229.0,3204.1298828125,230.22000122070312,3231.760009765625,20615300,4254010000
2020-07-31,253.6699981689453,3271.1201171875,253.6699981689453,3271.1201171875,255.85000610351562,3272.169921875,249.0,3220.260009765625,255.82000732421875,3270.449951171875,53005100,5117260000
2020-08-03,251.9600067138672,3294.610107421875,251.9600067138672,3294.610107421875,255.39999389648438,3302.72998046875,250.3300018310547,3284.530029296875,252.64999389648438,3288.260009765625,23124900,4643640000
2020-08-04,249.8300018310547,3306.510009765625,249.8300018310547,3306.510009765625,252.8000030517578,3306.840087890625,247.42999267578125,3286.3701171875,251.55999755859375,3289.919921875,17183500,4621670000
2020-08-05,249.1199951171875,3327.77001953125,249.1199951171875,3327.77001953125,252.27000427246094,3330.77001953125,247.77000427246094,3317.3701171875,250.19000244140625,3317.3701171875,13050100,4732220000
2020-08-06,265.2799987792969,3349.159912109375,265.2799987792969,3349.159912109375,266.6000061035156,3351.030029296875,248.6699981689453,3318.139892578125,249.0399932861328,3323.169921875,45241600,4267490000
2020-08-07,268.44000244140625,3351.280029296875,268.44000244140625,3351.280029296875,278.8900146484375,3352.5400390625,263.42999267578125,3328.719970703125,264.0799865722656,3340.050048828125,72766400,4104860000
2020-08-10,263.0,3360.469970703125,263.0,3360.469970703125,273.8599853515625,3363.2900390625,259.69000244140625,3335.43994140625,268.0400085449219,3356.0400390625,30248800,4318570000
2020-08-11,256.1300048828125,3333.68994140625,256.1300048828125,3333.68994140625,265.9200134277344,3381.010009765625,255.1300048828125,3326.43994140625,260.19000244140625,3370.340087890625,28238300,5087650000
2020-08-12,259.8900146484375,3380.35009765625,259.8900146484375,3380.35009765625,263.8999938964844,3387.889892578125,258.1099853515625,3355.4599609375,258.9700012207031,3355.4599609375,21415700,3768560000
2020-08-13,261.29998779296875,3373.429931640625,261.29998779296875,3373.429931640625,265.1600036621094,3387.239990234375,259.57000732421875,3363.35009765625,261.54998779296875,3372.949951171875,17374000,3648810000
2020-08-14,261.239990234375,3372.85009765625,261.239990234375,3372.85009765625,262.6499938964844,3378.510009765625,258.67999267578125,3361.639892578125,262.30999755859375,3368.659912109375,14792700,3193400000
2020-08-17,261.1600036621094,3381.989990234375,261.1600036621094,3381.989990234375,264.1000061035156,3387.590087890625,259.3999938964844,3379.219970703125,262.5,3380.860107421875,13351100,3671290000
2020-08-18,262.3399963378906,3389.780029296875,262.3399963378906,3389.780029296875,265.1499938964844,3395.06005859375,259.260009765625,3370.14990234375,260.95001220703125,3387.0400390625,18690400,3881310000
2020-08-19,262.5899963378906,3374.85009765625,262.5899963378906,3374.85009765625,267.9100036621094,3399.5400390625,261.3500061035156,3369.659912109375,261.3900146484375,3392.510009765625,23291500,3884480000
2020-08-20,269.010009765625,3385.510009765625,269.010009765625,3385.510009765625,269.6300048828125,3390.800048828125,261.4599914550781,3354.68994140625,261.5,3360.47998046875,20299700,3642850000
2020-08-21,267.010009765625,3397.159912109375,267.010009765625,3397.159912109375,270.489990234375,3399.9599609375,266.4200134277344,3379.31005859375,268.69000244140625,3386.010009765625,15538600,3705420000
2020-08-24,271.3900146484375,3431.280029296875,271.3900146484375,3431.280029296875,277.25,3432.090087890625,268.7699890136719,3413.1298828125,271.07000732421875,3418.090087890625,23685600,3728690000
2020-08-25,280.82000732421875,3443.6201171875,280.82000732421875,3443.6201171875,283.0899963378906,3444.2099609375,270.260009765625,3425.840087890625,272.4100036621094,3435.949951171875,42127200,3619300000
2020-08-26,303.9100036621094,3478.72998046875,303.9100036621094,3478.72998046875,304.6700134277344,3481.070068359375,284.0,3444.14990234375,284.0,3449.969970703125,69015200,3754360000
2020-08-27,293.2200012207031,3484.550048828125,293.2200012207031,3484.550048828125,301.2300109863281,3501.3798828125,292.0199890136719,3468.35009765625,300.1600036621094,3485.139892578125,30301300,3929560000
2020-08-28,293.6600036621094,3508.010009765625,293.6600036621094,3508.010009765625,297.2300109863281,3509.22998046875,290.9800109863281,3484.320068359375,295.0,3494.68994140625,17157400,3855880000
2020-08-31,293.20001220703125,3500.31005859375,293.20001220703125,3500.31005859375,296.8800048828125,3514.77001953125,291.54998779296875,3493.25,293.95001220703125,3509.72998046875,17345100,4342290000
2020-09-01,295.44000244140625,3526.64990234375,295.44000244140625,3526.64990234375,301.489990234375,3528.030029296875,292.7099914550781,3494.60009765625,294.7099914550781,3507.43994140625,17295900,4083110000
2020-09-02,302.5,3580.840087890625,302.5,3580.840087890625,303.6000061035156,3588.110107421875,293.04998779296875,3535.22998046875,298.8800048828125,3543.760009765625,24341400,4285190000
2020-09-03,291.1199951171875,3455.06005859375,291.1199951171875,3455.06005859375,297.6000061035156,3564.85009765625,283.6300048828125,3427.409912109375,295.989990234375,3564.739990234375,32294100,4898680000
2020-09-04,282.7300109863281,3426.9599609375,282.7300109863281,3426.9599609375,289.0,3479.14990234375,271.1400146484375,3349.6298828125,287.25,3453.60009765625,30333700,4431440000
2020-09-08,271.1600036621094,3331.840087890625,271.1600036621094,3331.840087890625,279.29998779296875,3379.969970703125,269.4200134277344,3329.27001953125,271.2799987792969,3371.8798828125,24864000,4665600000
2020-09-09,273.7200012207031,3398.9599609375,273.7200012207031,3398.9599609375,278.4800109863281,3424.77001953125,271.3500061035156,3366.840087890625,275.7699890136719,3369.820068359375,22918800,3920830000
2020-09-10,268.0899963378906,3339.18994140625,268.0899963378906,3339.18994140625,279.1600036621094,3425.550048828125,267.0299987792969,3329.25,275.510009765625,3412.56005859375,24814700,4192250000
2020-09-11,266.6099853515625,3340.969970703125,266.6099853515625,3340.969970703125,271.3900146484375,3368.949951171875,262.6400146484375,3310.469970703125,270.05999755859375,3352.699951171875,18913900,3704450000
2020-09-14,266.1499938964844,3383.5400390625,266.1499938964844,3383.5400390625,276.6400146484375,3402.929931640625,265.70001220703125,3363.56005859375,270.95001220703125,3363.56005859375,24093800,3832130000
2020-09-15,272.4200134277344,3401.199951171875,272.4200134277344,3401.199951171875,274.5199890136719,3419.47998046875,269.29998779296875,3389.25,270.6700134277344,3407.72998046875,18478500,4051460000
2020-09-16,263.5199890136719,3385.489990234375,263.5199890136719,3385.489990234375,272.44000244140625,3428.919921875,261.7900085449219,3384.449951171875,267.2900085449219,3411.22998046875,29183400,4710030000
2020-09-17,254.82000732421875,3357.010009765625,254.82000732421875,3357.010009765625,261.5,3375.169921875,250.19000244140625,3328.820068359375,258.2799987792969,3346.860107421875,31281400,4371940000
2020-09-18,252.52999877929688,3319.469970703125,252.52999877929688,3319.469970703125,259.20001220703125,3362.27001953125,250.0500030517578,3292.39990234375,258.3999938964844,3357.3798828125,28130800,7068700000
2020-09-21,248.14999389648438,3281.06005859375,248.14999389648438,3281.06005859375,249.9499969482422,3285.570068359375,244.1300048828125,3229.10009765625,247.5399932861328,3285.570068359375,24709400,4828350000
2020-09-22,254.75,3315.570068359375,254.75,3315.570068359375,255.32000732421875,3320.31005859375,248.22000122070312,3270.949951171875,253.30999755859375,3295.75,30293100,3963300000
2020-09-23,249.02000427246094,3236.919921875,249.02000427246094,3236.919921875,257.989990234375,3323.35009765625,248.14999389648438,3232.570068359375,255.25999450683594,3320.110107421875,19641300,4364500000
2020-09-24,249.52999877929688,3246.590087890625,249.52999877929688,3246.590087890625,252.24000549316406,3278.699951171875,245.6199951171875,3209.449951171875,246.5,3226.139892578125,20006800,4599470000
2020-09-25,254.82000732421875,3298.4599609375,254.82000732421875,3298.4599609375,255.75,3306.8798828125,246.61000061035156,3228.43994140625,249.39999389648438,3236.659912109375,18351300,3792220000
2020-09-28,256.82000732421875,3351.60009765625,256.82000732421875,3351.60009765625,259.6000061035156,3360.739990234375,254.82000732421875,3332.909912109375,259.3999938964844,3333.89990234375,18826300,3946060000
2020-09-29,261.7900085449219,3335.469970703125,261.7900085449219,3335.469970703125,263.3299865722656,3357.919921875,256.8999938964844,3327.5400390625,257.80999755859375,3350.919921875,20200200,3651880000
2020-09-30,261.8999938964844,3363.0,261.8999938964844,3363.0,266.0799865722656,3393.56005859375,260.1000061035156,3340.469970703125,261.9800109863281,3341.2099609375,20142500,4722530000
2020-10-01,266.6300048828125,3380.800048828125,266.6300048828125,3380.800048828125,268.3299865722656,3397.179931640625,264.79998779296875,3361.389892578125,265.3500061035156,3385.8701171875,20009800,4070530000
2020-10-02,259.94000244140625,3348.419921875,259.94000244140625,3348.419921875,265.1499938964844,3369.10009765625,259.17999267578125,3323.68994140625,261.2099914550781,3338.93994140625,16367600,3961550000
2020-10-05,264.6499938964844,3408.60009765625,264.6499938964844,3408.60009765625,264.8699951171875,3409.570068359375,260.8399963378906,3367.27001953125,262.20001220703125,3367.27001953125,12822300,3686920000
2020-10-06,258.6600036621094,3360.969970703125,258.6600036621094,3360.969970703125,265.69000244140625,3431.56005859375,258.239990234375,3354.5400390625,261.7799987792969,3408.739990234375,18696900,4443380000
2020-10-07,258.1199951171875,3419.43994140625,258.1199951171875,3419.43994140625,260.17999267578125,3426.260009765625,254.82000732421875,3384.56005859375,259.2099914550781,3384.56005859375,23133400,3807830000
2020-10-08,263.760009765625,3446.830078125,263.760009765625,3446.830078125,264.6199951171875,3447.280029296875,259.1499938964844,3428.14990234375,259.75,3434.280029296875,16312800,3856190000
2020-10-09,264.45001220703125,3477.139892578125,264.45001220703125,3477.139892578125,264.75,3482.340087890625,262.1700134277344,3458.070068359375,264.5199890136719,3459.669921875,14107800,3939060000
2020-10-12,275.75,3534.219970703125,275.75,3534.219970703125,280.17999267578125,3549.85009765625,267.8699951171875,3499.610107421875,270.20001220703125,3500.02001953125,31019300,3428970000
2020-10-13,276.1400146484375,3511.929931640625,276.1400146484375,3511.929931640625,279.1000061035156,3534.010009765625,273.3900146484375,3500.860107421875,277.5799865722656,3534.010009765625,18063300,3605150000
2020-10-14,271.82000732421875,3488.669921875,271.82000732421875,3488.669921875,278.75,3527.93994140625,271.5,3480.550048828125,277.6199951171875,3515.469970703125,15577800,3840630000
2020-10-15,266.7200012207031,3483.340087890625,266.7200012207031,3483.340087890625,269.0400085449219,3489.080078125,263.6700134277344,3440.889892578125,267.6000061035156,3453.719970703125,15416100,3717640000
2020-10-16,265.92999267578125,3483.81005859375,265.92999267578125,3483.81005859375,271.3699951171875,3515.760009765625,265.29998779296875,3480.449951171875,267.3800048828125,3493.5,16622700,4675890000
2020-10-19,261.3999938964844,3426.919921875,261.3999938964844,3426.919921875,268.54998779296875,3502.419921875,259.8800048828125,3419.929931640625,265.5299987792969,3493.659912109375,13587000,4086200000
2020-10-20,267.55999755859375,3443.1201171875,267.55999755859375,3443.1201171875,269.70001220703125,3476.929931640625,262.8800048828125,3435.64990234375,263.05999755859375,3439.3798828125,18763200,3901260000
2020-10-21,278.7300109863281,3435.56005859375,278.7300109863281,3435.56005859375,283.04998779296875,3464.860107421875,276.3699951171875,3433.06005859375,279.55999755859375,3439.909912109375,28998600,4097750000
2020-10-22,278.1199951171875,3453.489990234375,278.1199951171875,3453.489990234375,282.45001220703125,3460.530029296875,275.0400085449219,3415.340087890625,279.8699951171875,3438.5,16720000,4163630000
2020-10-23,284.7900085449219,3465.389892578125,284.7900085449219,3465.389892578125,285.239990234375,3466.4599609375,276.82000732421875,3440.449951171875,278.79998779296875,3464.89990234375,17535200,3646570000
2020-10-26,277.1099853515625,3400.969970703125,277.1099853515625,3400.969970703125,285.2300109863281,3441.419921875,274.260009765625,3364.860107421875,283.1600036621094,3441.419921875,21322900,3988080000
2020-10-27,283.2900085449219,3390.679931640625,283.2900085449219,3390.679931640625,284.510009765625,3409.510009765625,276.30999755859375,3388.7099609375,278.760009765625,3403.14990234375,16287200,3946990000
2020-10-28,267.6700134277344,3271.030029296875,267.6700134277344,3271.030029296875,278.7900085449219,3342.47998046875,267.260009765625,3268.889892578125,278.7900085449219,3342.47998046875,23121800,5129860000
2020-10-29,280.8299865722656,3310.110107421875,280.8299865722656,3310.110107421875,283.6000061035156,3341.050048828125,273.7799987792969,3259.820068359375,276.54998779296875,3277.169921875,32368100,4903070000
2020-10-30,263.1099853515625,3269.9599609375,263.1099853515625,3269.9599609375,276.70001220703125,3304.929931640625,259.1000061035156,3233.93994140625,274.5,3293.590087890625,47247800,4840450000
2020-11-02,261.3599853515625,3310.239990234375,261.3599853515625,3310.239990234375,270.4700012207031,3330.139892578125,257.3399963378906,3279.739990234375,264.6000061035156,3296.199951171875,27165700,4310590000
2020-11-03,265.29998779296875,3369.159912109375,265.29998779296875,3369.159912109375,270.04998779296875,3389.489990234375,260.8800048828125,3336.25,263.1600036621094,3336.25,17961900,4220070000
2020-11-04,287.3800048828125,3443.43994140625,287.3800048828125,3443.43994140625,288.94000244140625,3486.25,278.6199951171875,3405.169921875,281.0,3406.4599609375,35364400,4783040000
2020-11-05,294.67999267578125,3510.449951171875,294.67999267578125,3510.449951171875,297.3800048828125,3529.050048828125,288.95001220703125,3485.739990234375,291.8999938964844,3485.739990234375,23823600,4841190000
2020-11-06,293.4100036621094,3509.43994140625,293.4100036621094,3509.43994140625,294.6000061035156,3521.580078125,288.05999755859375,3484.340087890625,293.95001220703125,3508.340087890625,13891000,4833950000
2020-11-09,278.7699890136719,3550.5,278.7699890136719,3550.5,292.5799865722656,3645.989990234375,278.5299987792969,3547.47998046875,289.8699951171875,3583.0400390625,25117700,8556610000
2020-11-10,272.42999267578125,3545.530029296875,272.42999267578125,3545.530029296875,274.0,3557.219970703125,264.0,3511.909912109375,273.1000061035156,3543.260009765625,29067700,6024230000
2020-11-11,276.4800109863281,3572.659912109375,276.4800109863281,3572.659912109375,278.3999938964844,3581.159912109375,272.4800109863281,3557.0,273.4700012207031,3563.219970703125,14957000,4609970000
2020-11-12,275.0799865722656,3537.010009765625,275.0799865722656,3537.010009765625,279.75,3569.02001953125,274.42999267578125,3518.580078125,277.17999267578125,3562.669921875,12899500,4890120000
2020-11-13,276.95001220703125,3585.14990234375,276.95001220703125,3585.14990234375,277.760009765625,3593.659912109375,273.1000061035156,3552.570068359375,277.7200012207031,3552.570068359375,10391200,4709670000
2020-11-16,278.9599914550781,3626.909912109375,278.9599914550781,3626.909912109375,279.4100036621094,3628.510009765625,274.6300048828125,3600.159912109375,275.04998779296875,3600.159912109375,12970400,5281980000
2020-11-17,275.0,3609.530029296875,275.0,3609.530029296875,277.67999267578125,3623.110107421875,273.2900085449219,3588.679931640625,277.67999267578125,3610.31005859375,15040300,4799570000
2020-11-18,271.9700012207031,3567.7900390625,271.9700012207031,3567.7900390625,277.3900146484375,3619.090087890625,271.8399963378906,3567.330078125,274.5199890136719,3612.090087890625,12152900,5274450000
2020-11-19,272.94000244140625,3581.8701171875,272.94000244140625,3581.8701171875,273.4700012207031,3585.219970703125,269.19000244140625,3543.840087890625,271.0199890136719,3559.409912109375,12963700,4347200000
2020-11-20,269.70001220703125,3557.5400390625,269.70001220703125,3557.5400390625,273.0,3581.22998046875,269.4100036621094,3556.85009765625,272.55999755859375,3579.31005859375,18114700,4218970000
2020-11-23,268.42999267578125,3577.590087890625,268.42999267578125,3577.590087890625,270.95001220703125,3589.81005859375,264.5299987792969,3552.77001953125,270.8900146484375,3566.820068359375,20990800,5036290000
2020-11-24,276.9200134277344,3635.409912109375,276.9200134277344,3635.409912109375,277.82000732421875,3642.31005859375,267.8699951171875,3594.52001953125,268.489990234375,3594.52001953125,16930400,6267570000
2020-11-25,275.5899963378906,3629.64990234375,275.5899963378906,3629.64990234375,280.17999267578125,3635.5,272.6499938964844,3617.760009765625,278.1400146484375,3635.5,12467000,4902560000
2020-11-27,277.80999755859375,3638.35009765625,277.80999755859375,3638.35009765625,279.1300048828125,3644.31005859375,274.82000732421875,3629.330078125,277.3900146484375,3638.550048828125,7808400,2778450000
2020-11-30,276.9700012207031,3621.6298828125,276.9700012207031,3621.6298828125,277.70001220703125,3634.179931640625,271.010009765625,3594.389892578125,276.0299987792969,3634.179931640625,16693300,6291400000
2020-12-01,286.54998779296875,3662.449951171875,286.54998779296875,3662.449951171875,289.29998779296875,3678.449951171875,278.9599914550781,3645.8701171875,279.1600036621094,3645.8701171875,20738900,5403660000
2020-12-02,287.5199890136719,3669.010009765625,287.5199890136719,3669.010009765625,291.7799987792969,3670.9599609375,280.8299865722656,3644.840087890625,285.3599853515625,3653.780029296875,17361600,5029620000
2020-12-03,281.8500061035156,3666.719970703125,281.8500061035156,3666.719970703125,286.6499938964844,3682.72998046875,281.07000732421875,3657.169921875,286.25,3668.280029296875,12921700,5091760000
2020-12-04,279.70001220703125,3699.1201171875,279.70001220703125,3699.1201171875,283.4599914550781,3699.199951171875,279.29998779296875,3670.93994140625,280.29998779296875,3670.93994140625,10880300,5086370000
2020-12-07,285.5799865722656,3691.9599609375,285.5799865722656,3691.9599609375,288.489990234375,3697.409912109375,278.20001220703125,3678.8798828125,279.19000244140625,3694.72998046875,13007700,4788560000
2020-12-08,283.3999938964844,3702.25,283.3999938964844,3702.25,286.42999267578125,3708.449951171875,281.54998779296875,3678.830078125,286.010009765625,3683.050048828125,10747700,4549670000
2020-12-09,277.9200134277344,3672.820068359375,277.9200134277344,3672.820068359375,287.6300048828125,3712.389892578125,271.75,3660.5400390625,283.6600036621094,3705.97998046875,25189700,5209940000
2020-12-10,277.1199951171875,3668.10009765625,277.1199951171875,3668.10009765625,278.7300109863281,3678.489990234375,271.8599853515625,3645.179931640625,275.5400085449219,3659.1298828125,20065100,4618240000
2020-12-11,273.54998779296875,3663.4599609375,273.54998779296875,3663.4599609375,276.4800109863281,3665.909912109375,270.25,3633.39990234375,274.5299987792969,3656.080078125,14391400,4367150000
2020-12-14,274.19000244140625,3647.489990234375,274.19000244140625,3647.489990234375,277.2200012207031,3697.610107421875,271.55999755859375,3645.840087890625,273.3699951171875,3675.27001953125,16376900,4594920000
2020-12-15,275.54998779296875,3694.6201171875,275.54998779296875,3694.6201171875,276.0799865722656,3695.2900390625,267.4700012207031,3659.6201171875,274.8299865722656,3666.409912109375,23979500,4360280000
2020-12-16,275.6700134277344,3701.169921875,275.6700134277344,3701.169921875,277.8599853515625,3711.27001953125,272.510009765625,3688.570068359375,274.760009765625,3696.25,15885000,4056950000
2020-12-17,274.4800109863281,3722.47998046875,274.4800109863281,3722.47998046875,280.44000244140625,3725.1201171875,273.6099853515625,3710.8701171875,277.07000732421875,3713.64990234375,16377800,4184930000
2020-12-18,276.3999938964844,3709.409912109375,276.3999938964844,3709.409912109375,278.0,3726.699951171875,271.1400146484375,3685.840087890625,275.7699890136719,3722.389892578125,26693200,7068340000
2020-12-21,272.7900085449219,3694.919921875,272.7900085449219,3694.919921875,274.6700134277344,3702.89990234375,267.7900085449219,3636.47998046875,272.9800109863281,3684.280029296875,16553700,4732160000
2020-12-22,267.0899963378906,3687.260009765625,267.0899963378906,3687.260009765625,271.5,3698.260009765625,264.6300048828125,3676.159912109375,271.5,3698.080078125,17312900,4023940000
2020-12-23,268.1099853515625,3690.010009765625,268.1099853515625,3690.010009765625,272.1700134277344,3711.239990234375,266.2300109863281,3689.280029296875,266.8900146484375,3693.419921875,14329000,3772630000
2020-12-24,267.3999938964844,3703.06005859375,267.3999938964844,3703.06005859375,270.3999938964844,3703.820068359375,266.20001220703125,3689.320068359375,268.8800048828125,3694.030029296875,6702000,1885090000
2020-12-28,277.0,3735.360107421875,277.0,3735.360107421875,277.29998779296875,3740.510009765625,265.6600036621094,3723.030029296875,268.739990234375,3723.030029296875,23299700,3527460000
2020-12-29,276.7799987792969,3727.0400390625,276.7799987792969,3727.0400390625,280.510009765625,3756.1201171875,276.2799987792969,3723.31005859375,276.95001220703125,3750.010009765625,16383000,3387030000
2020-12-30,271.8699951171875,3732.0400390625,271.8699951171875,3732.0400390625,278.0799865722656,3744.6298828125,271.7099914550781,3730.2099609375,277.95001220703125,3736.18994140625,11803800,3145200000
2020-12-31,273.1600036621094,3756.070068359375,273.1600036621094,3756.070068359375,277.0899963378906,3760.199951171875,269.80999755859375,3726.8798828125,272.0,3733.27001953125,12900400,3172510000
2021-01-04,268.94000244140625,3700.64990234375,268.94000244140625,3700.64990234375,275.0,3769.989990234375,265.20001220703125,3662.7099609375,274.7799987792969,3764.610107421875,15106100,5006680000
2021-01-05,270.9700012207031,3726.860107421875,270.9700012207031,3726.860107421875,272.3999938964844,3737.830078125,268.2099914550781,3695.070068359375,268.2900085449219,3698.02001953125,9871600,4582620000
2021-01-06,263.30999755859375,3748.139892578125,263.30999755859375,3748.139892578125,267.75,3783.0400390625,260.010009765625,3705.340087890625,262.0,3712.199951171875,24354100,6049970000
2021-01-07,268.739990234375,3803.7900390625,268.739990234375,3803.7900390625,271.6099853515625,3811.550048828125,264.7799987792969,3764.7099609375,265.8999938964844,3764.7099609375,15789800,5080870000
2021-01-08,267.57000732421875,3824.679931640625,267.57000732421875,3824.679931640625,268.95001220703125,3826.68994140625,263.17999267578125,3783.60009765625,268.30999755859375,3815.050048828125,18528300,4764180000
2021-01-11,256.8399963378906,3799.610107421875,256.8399963378906,3799.610107421875,263.4700012207031,3817.860107421875,255.89999389648438,3789.02001953125,260.4800109863281,3803.139892578125,30412300,4450500000
2021-01-12,251.08999633789062,3801.18994140625,251.08999633789062,3801.18994140625,259.7200012207031,3810.780029296875,250.3000030517578,3776.510009765625,256.6300048828125,3801.6201171875,26383500,4977210000
2021-01-13,251.63999938964844,3809.840087890625,251.63999938964844,3809.840087890625,253.9499969482422,3820.9599609375,249.1999969482422,3791.5,251.5500030517578,3802.22998046875,19528900,4590420000
2021-01-14,245.63999938964844,3795.5400390625,245.63999938964844,3795.5400390625,255.02999877929688,3823.60009765625,244.61000061035156,3792.860107421875,253.39999389648438,3814.97998046875,29739400,5180140000
2021-01-15,251.36000061035156,3768.25,251.36000061035156,3768.25,253.86000061035156,3788.72998046875,247.16000366210938,3749.6201171875,247.89999389648438,3788.72998046875,24942900,5353060000
2021-01-19,261.1000061035156,3798.909912109375,261.1000061035156,3798.909912109375,262.20001220703125,3804.530029296875,252.72000122070312,3780.3701171875,256.8999938964844,3781.8798828125,28028500,4982940000
2021-01-20,267.4800109863281,3851.85009765625,267.4800109863281,3851.85009765625,270.32000732421875,3859.75,263.6000061035156,3816.219970703125,268.92999267578125,3816.219970703125,25199900,4551790000
2021-01-21,272.8699951171875,3853.070068359375,272.8699951171875,3853.070068359375,273.6000061035156,3861.449951171875,267.489990234375,3845.050048828125,269.260009765625,3857.4599609375,20838700,4484460000
2021-01-22,274.5,3841.469970703125,274.5,3841.469970703125,278.4700012207031,3852.31005859375,272.0,3830.409912109375,272.010009765625,3844.239990234375,21954000,5080430000
2021-01-25,278.010009765625,3855.360107421875,278.010009765625,3855.360107421875,280.1000061035156,3859.22998046875,271.510009765625,3797.159912109375,278.1400146484375,3851.679931640625,19087000,6955860000
2021-01-26,282.04998779296875,3849.6201171875,282.04998779296875,3849.6201171875,285.3900146484375,3870.89990234375,277.80999755859375,3847.780029296875,278.1400146484375,3862.9599609375,19373600,6029090000
2021-01-27,272.1400146484375,3750.77001953125,272.1400146484375,3750.77001953125,283.45001220703125,3836.830078125,268.1199951171875,3732.47998046875,282.5299987792969,3836.830078125,35346200,9878040000
2021-01-28,265.0,3787.3798828125,265.0,3787.3798828125,286.7900085449219,3830.5,264.70001220703125,3755.75,277.17999267578125,3755.75,37758800,6937960000
2021-01-29,258.3299865722656,3714.239990234375,258.3299865722656,3714.239990234375,266.55999755859375,3778.050048828125,254.85000610351562,3694.1201171875,265.29998779296875,3778.050048828125,30389500,6612570000
2021-02-01,262.010009765625,3773.860107421875,262.010009765625,3773.860107421875,264.1700134277344,3784.320068359375,254.91000366210938,3725.6201171875,259.5199890136719,3731.169921875,22914300,5392870000
2021-02-02,267.0799865722656,3826.31005859375,267.0799865722656,3826.31005859375,268.8500061035156,3843.090087890625,263.2699890136719,3791.840087890625,264.0,3791.840087890625,17320800,5495370000
2021-02-03,266.6499938964844,3830.169921875,266.6499938964844,3830.169921875,269.20001220703125,3847.510009765625,263.8399963378906,3816.679931640625,265.6199951171875,3840.27001953125,14223400,4846900000
2021-02-04,266.489990234375,3871.739990234375,266.489990234375,3871.739990234375,268.1600036621094,3872.419921875,264.0,3836.659912109375,267.010009765625,3836.659912109375,16060000,4856670000
2021-02-05,268.1000061035156,3886.830078125,268.1000061035156,3886.830078125,269.1700134277344,3894.56005859375,265.6700134277344,3874.929931640625,266.79998779296875,3878.300048828125,12454400,4838580000
2021-02-08,266.5799865722656,3915.590087890625,266.5799865722656,3915.590087890625,269.8599853515625,3915.77001953125,265.0,3892.590087890625,268.75,3892.590087890625,13755200,4635030000
2021-02-09,269.45001220703125,3911.22998046875,269.45001220703125,3911.22998046875,273.3900146484375,3918.35009765625,265.75,3902.639892578125,266.44000244140625,3910.489990234375,14613400,4554610000
2021-02-10,271.8699951171875,3909.8798828125,271.8699951171875,3909.8798828125,273.79998779296875,3931.5,267.7200012207031,3884.93994140625,272.45001220703125,3920.780029296875,14687200,4815380000
2021-02-11,270.3900146484375,3916.3798828125,270.3900146484375,3916.3798828125,273.5799865722656,3925.989990234375,268.489990234375,3890.389892578125,271.8900146484375,3916.39990234375,12828600,4570080000
2021-02-12,270.5,3934.830078125,270.5,3934.830078125,271.17999267578125,3937.22998046875,268.3399963378906,3905.780029296875,270.5199890136719,3911.64990234375,9097600,4119260000
2021-02-16,273.9700012207031,3932.590087890625,273.9700012207031,3932.590087890625,276.6000061035156,3950.429931640625,270.04998779296875,3923.85009765625,270.79998779296875,3939.610107421875,15417200,5037360000
2021-02-17,273.57000732421875,3931.330078125,273.57000732421875,3931.330078125,273.9700012207031,3933.610107421875,269.5799865722656,3900.429931640625,271.239990234375,3918.5,12763200,4718280000
2021-02-18,269.3900146484375,3913.969970703125,269.3900146484375,3913.969970703125,271.95001220703125,3921.97998046875,266.0299987792969,3885.030029296875,269.57000732421875,3915.860107421875,15249100,4773430000
2021-02-19,261.55999755859375,3906.7099609375,261.55999755859375,3906.7099609375,270.2699890136719,3930.409912109375,260.1499938964844,3903.070068359375,269.8599853515625,3921.159912109375,25622600,4823940000
2021-02-22,260.3299865722656,3876.5,260.3299865722656,3876.5,263.07000732421875,3902.919921875,257.5299987792969,3874.7099609375,257.95001220703125,3885.550048828125,17434900,5870190000
2021-02-23,265.8599853515625,3881.3701171875,265.8599853515625,3881.3701171875,267.4599914550781,3895.97998046875,254.9600067138672,3805.590087890625,259.5,3857.070068359375,21924600,6280650000
2021-02-24,264.30999755859375,3925.429931640625,264.30999755859375,3925.429931640625,266.3800048828125,3928.64990234375,258.3900146484375,3859.60009765625,262.3299865722656,3873.7099609375,15736100,5942350000
2021-02-25,254.69000244140625,3829.340087890625,254.69000244140625,3829.340087890625,266.94000244140625,3925.02001953125,254.0399932861328,3814.0400390625,262.29998779296875,3915.800048828125,19053100,6513060000
2021-02-26,257.6199951171875,3811.14990234375,257.6199951171875,3811.14990234375,265.54998779296875,3861.080078125,256.4700012207031,3789.5400390625,256.4700012207031,3839.659912109375,26619500,6512950000
2021-03-01,264.9100036621094,3901.820068359375,264.9100036621094,3901.820068359375,266.6499938964844,3914.5,257.8999938964844,3842.510009765625,260.82000732421875,3842.510009765625,22157300,5071540000
2021-03-02,259.0,3870.2900390625,259.0,3870.2900390625,266.7099914550781,3906.409912109375,258.6499938964844,3868.570068359375,265.7799987792969,3903.639892578125,15191700,5493690000
2021-03-03,255.41000366210938,3819.719970703125,255.41000366210938,3819.719970703125,260.989990234375,3874.469970703125,255.10000610351562,3818.860107421875,260.2900085449219,3863.989990234375,15513500,6150790000
2021-03-04,257.6400146484375,3768.469970703125,257.6400146484375,3768.469970703125,266.489990234375,3843.669921875,253.5,3723.340087890625,256.4700012207031,3818.530029296875,31626500,7142240000
2021-03-05,264.2799987792969,3841.93994140625,264.2799987792969,3841.93994140625,265.45001220703125,3851.68994140625,255.61000061035156,3730.18994140625,260.6700134277344,3793.580078125,26820100,6842570000
2021-03-08,255.30999755859375,3821.35009765625,255.30999755859375,3821.35009765625,265.5799865722656,3881.06005859375,255.0500030517578,3819.25,265.54998779296875,3844.389892578125,18391800,5852240000
2021-03-09,265.739990234375,3875.43994140625,265.739990234375,3875.43994140625,268.5299987792969,3903.760009765625,259.80999755859375,3851.929931640625,261.17999267578125,3851.929931640625,22039700,5496340000
2021-03-10,264.8999938964844,3898.81005859375,264.8999938964844,3898.81005859375,268.9700012207031,3917.35009765625,262.8699951171875,3885.72998046875,268.6400146484375,3891.989990234375,14210300,5827250000
2021-03-11,273.8800048828125,3939.340087890625,273.8800048828125,3939.340087890625,277.8999938964844,3960.27001953125,267.82000732421875,3915.5400390625,268.1099853515625,3915.5400390625,21834000,5300010000
2021-03-12,268.3999938964844,3943.340087890625,268.3999938964844,3943.340087890625,269.739990234375,3944.989990234375,264.0199890136719,3915.2099609375,269.1400146484375,3924.52001953125,20600200,4469240000
2021-03-15,273.75,3968.93994140625,273.75,3968.93994140625,275.9599914550781,3970.080078125,268.5,3923.5400390625,269.0799865722656,3942.9599609375,16844800,4882190000
2021-03-16,279.2799987792969,3962.7099609375,279.2799987792969,3962.7099609375,282.1400146484375,3981.0400390625,274.79998779296875,3953.43994140625,276.0799865722656,3973.590087890625,22437700,4604870000
2021-03-17,284.010009765625,3974.1201171875,284.010009765625,3974.1201171875,286.2300109863281,3983.8701171875,275.4100036621094,3935.739990234375,275.7099914550781,3949.570068359375,21315000,4541620000
2021-03-18,278.6199951171875,3915.4599609375,278.6199951171875,3915.4599609375,285.19000244140625,3969.6201171875,278.2799987792969,3910.860107421875,279.8699951171875,3953.5,18728300,4043170000
2021-03-19,290.1099853515625,3913.10009765625,290.1099853515625,3913.10009765625,292.79998779296875,3930.1201171875,281.20001220703125,3886.75,281.2200012207031,3913.139892578125,38930500,7725050000
2021-03-22,293.5400085449219,3940.590087890625,293.5400085449219,3940.590087890625,299.7099914550781,3955.31005859375,286.75,3914.159912109375,290.45001220703125,3916.47998046875,28273100,4311380000
2021-03-23,290.6300048828125,3910.52001953125,290.6300048828125,3910.52001953125,298.0,3949.1298828125,289.80999755859375,3901.570068359375,293.1499938964844,3937.60009765625,23000900,4645340000
2021-03-24,282.1400146484375,3889.139892578125,282.1400146484375,3889.139892578125,291.7200012207031,3942.080078125,281.1600036621094,3889.070068359375,291.0,3919.929931640625,18675000,4766990000
2021-03-25,278.739990234375,3909.52001953125,278.739990234375,3909.52001953125,288.05999755859375,3919.5400390625,277.75,3853.5,280.9800109863281,3879.340087890625,24505600,4940800000
2021-03-26,283.0199890136719,3974.5400390625,283.0199890136719,3974.5400390625,284.5,3978.18994140625,277.7699890136719,3917.1201171875,278.29998779296875,3917.1201171875,17629200,5467850000
2021-03-29,290.82000732421875,3971.090087890625,290.82000732421875,3971.090087890625,293.17999267578125,3981.830078125,284.70001220703125,3943.25,285.7699890136719,3969.31005859375,21718800,4619840000
2021-03-30,288.0,3958.550048828125,288.0,3958.550048828125,292.4700012207031,3968.010009765625,286.70001220703125,3944.35009765625,289.8299865722656,3963.340087890625,17474500,4103570000
2021-03-31,294.5299987792969,3972.889892578125,294.5299987792969,3972.889892578125,296.5,3994.409912109375,288.6099853515625,3966.97998046875,289.989990234375,3967.25,19498200,4564980000
2021-04-01,298.6600036621094,4019.8701171875,298.6600036621094,4019.8701171875,302.3999938964844,4020.6298828125,296.6000061035156,3992.780029296875,298.3999938964844,3992.780029296875,17616000,4151240000
2021-04-05,308.9100036621094,4077.909912109375,308.9100036621094,4077.909912109375,310.7699890136719,4083.419921875,300.67999267578125,4034.43994140625,300.8900146484375,4034.43994140625,28237000,3999760000
2021-04-06,306.260009765625,4073.93994140625,306.260009765625,4073.93994140625,311.3500061035156,4086.22998046875,305.25,4068.139892578125,308.8399963378906,4075.570068359375,17335200,4027880000
2021-04-07,313.0899963378906,4079.949951171875,313.0899963378906,4079.949951171875,314.25,4083.1298828125,305.5,4068.31005859375,306.3399963378906,4074.2900390625,22855200,4112640000
2021-04-08,313.0199890136719,4097.169921875,313.0199890136719,4097.169921875,315.8800048828125,4098.18994140625,310.04998779296875,4082.5400390625,314.8500061035156,4089.949951171875,20894100,3901910000
2021-04-09,312.4599914550781,4128.7998046875,312.4599914550781,4128.7998046875,314.739990234375,4129.47998046875,310.3299865722656,4095.510009765625,311.3999938964844,4096.10986328125,15988600,3634910000
2021-04-12,311.5400085449219,4127.990234375,311.5400085449219,4127.990234375,312.1499938964844,4131.759765625,307.92999267578125,4114.81982421875,311.04998779296875,4124.7099609375,10881900,3578500000
2021-04-13,309.760009765625,4141.58984375,309.760009765625,4141.58984375,314.42999267578125,4148.0,309.32000732421875,4124.43017578125,312.2099914550781,4130.10009765625,14036900,3728440000
2021-04-14,302.82000732421875,4124.66015625,302.82000732421875,4124.66015625,308.0299987792969,4151.68994140625,301.95001220703125,4120.8701171875,307.29998779296875,4141.580078125,17421400,3976540000
2021-04-15,307.82000732421875,4170.419921875,307.82000732421875,4170.419921875,310.1400146484375,4173.490234375,304.1000061035156,4139.759765625,306.3399963378906,4139.759765625,14558300,4027680000
2021-04-16,306.17999267578125,4185.47021484375,306.17999267578125,4185.47021484375,308.95001220703125,4191.31005859375,304.6099853515625,4170.75,308.1700134277344,4174.14013671875,13059200,4157430000
2021-04-19,302.239990234375,4163.259765625,302.239990234375,4163.259765625,307.70001220703125,4180.81005859375,300.55999755859375,4150.47021484375,305.010009765625,4179.7998046875,14553500,3788020000
2021-04-20,302.6499938964844,4134.93994140625,302.6499938964844,4134.93994140625,305.1000061035156,4159.18017578125,297.2099914550781,4118.3798828125,301.989990234375,4159.18017578125,16796400,4338230000
2021-04-21,301.4700012207031,4173.419921875,301.4700012207031,4173.419921875,301.9800109863281,4175.02001953125,297.3900146484375,4126.35009765625,301.95001220703125,4128.419921875,14863500,3865820000
2021-04-22,296.5199890136719,4134.97998046875,296.5199890136719,4134.97998046875,302.9200134277344,4179.56982421875,296.0400085449219,4123.68994140625,301.3299865722656,4170.4599609375,16375400,4235040000
2021-04-23,301.1300048828125,4180.169921875,301.1300048828125,4180.169921875,302.5899963378906,4194.169921875,297.1499938964844,4138.77978515625,298.760009765625,4138.77978515625,17536800,3568080000
2021-04-26,303.0400085449219,4187.6201171875,303.0400085449219,4187.6201171875,305.79998779296875,4194.18994140625,301.55999755859375,4182.35986328125,303.3399963378906,4185.02978515625,16172600,3738920000
2021-04-27,303.57000732421875,4186.72021484375,303.57000732421875,4186.72021484375,305.3399963378906,4193.35009765625,301.1099853515625,4176.22021484375,304.2799987792969,4188.25,15309300,3703240000
2021-04-28,307.1000061035156,4183.18017578125,307.1000061035156,4183.18017578125,310.9200134277344,4201.52978515625,305.3699951171875,4181.77978515625,307.3599853515625,4185.14013671875,33907200,3772390000
2021-04-29,329.510009765625,4211.47021484375,329.510009765625,4211.47021484375,331.80999755859375,4218.77978515625,321.6099853515625,4176.81005859375,330.1199951171875,4206.14013671875,56526800,4288940000
2021-04-30,325.0799865722656,4181.169921875,325.0799865722656,4181.169921875,329.82000732421875,4198.10009765625,324.5,4174.85009765625,326.1400146484375,4198.10009765625,26332400,4273680000
2021-05-03,322.5799865722656,4192.66015625,322.5799865722656,4192.66015625,328.54998779296875,4209.39013671875,321.8399963378906,4188.02978515625,326.1700134277344,4191.97998046875,18719500,4061170000
2021-05-04,318.3599853515625,4164.66015625,318.3599853515625,4164.66015625,322.19000244140625,4179.0400390625,313.1199951171875,4128.58984375,320.0199890136719,4179.0400390625,24032600,4441080000
2021-05-05,315.0199890136719,4167.58984375,315.0199890136719,4167.58984375,321.05999755859375,4187.72021484375,314.489990234375,4160.93994140625,318.19000244140625,4177.06005859375,15577600,4029050000
2021-05-06,320.0199890136719,4201.6201171875,320.0199890136719,4201.6201171875,320.239990234375,4202.7001953125,313.2699890136719,4147.330078125,314.5199890136719,4169.14013671875,19012200,4504860000
2021-05-07,319.0799865722656,4232.60009765625,319.0799865722656,4232.60009765625,322.94000244140625,4238.0400390625,318.75,4201.64013671875,322.3800048828125,4210.33984375,15916700,4013060000
2021-05-10,305.9700012207031,4188.43017578125,305.9700012207031,4188.43017578125,314.5799865722656,4236.39013671875,304.8299865722656,4188.1298828125,314.3500061035156,4228.2900390625,24239200,3678970000
2021-05-11,306.5299987792969,4152.10009765625,306.5299987792969,4152.10009765625,306.8399963378906,4162.0400390625,299.69000244140625,4111.52978515625,300.75,4150.33984375,18920100,3593110000
2021-05-12,302.54998779296875,4063.0400390625,302.54998779296875,4063.0400390625,304.9599914550781,4134.72998046875,298.19000244140625,4056.8798828125,301.1300048828125,4130.5498046875,24645500,3735080000
2021-05-13,305.260009765625,4112.5,305.260009765625,4112.5,308.8599853515625,4131.580078125,302.7699890136719,4074.989990234375,306.0799865722656,4074.989990234375,18079200,3687780000
2021-05-14,315.94000244140625,4173.85009765625,315.94000244140625,4173.85009765625,316.8500061035156,4183.1298828125,309.0799865722656,4129.580078125,309.5400085449219,4129.580078125,19245700,3251920000
2021-05-17,315.4599914550781,4163.2900390625,315.4599914550781,4163.2900390625,315.67999267578125,4171.919921875,311.5799865722656,4142.68994140625,313.54998779296875,4169.919921875,15401300,3307130000
2021-05-18,309.9599914550781,4127.830078125,309.9599914550781,4127.830078125,316.5,4169.14990234375,309.80999755859375,4125.990234375,315.5899963378906,4165.93994140625,14522400,3559790000
2021-05-19,313.5899963378906,4115.68017578125,313.5899963378906,4115.68017578125,314.6600036621094,4116.93017578125,303.57000732421875,4061.409912109375,304.19000244140625,4098.4501953125,19106200,3485550000
2021-05-20,318.6099853515625,4159.1201171875,318.6099853515625,4159.1201171875,319.25,4172.7998046875,313.1600036621094,4121.97021484375,313.5799865722656,4121.97021484375,17320200,3019060000
2021-05-21,316.2300109863281,4155.85986328125,316.2300109863281,4155.85986328125,319.92999267578125,4188.72021484375,315.80999755859375,4151.72021484375,319.2900085449219,4168.60986328125,13600900,3344620000
2021-05-24,324.6300048828125,4197.0498046875,324.6300048828125,4197.0498046875,325.95001220703125,4209.52001953125,318.0299987792969,4170.16015625,318.2099914550781,4170.16015625,16445400,2947400000
2021-05-25,327.7900085449219,4188.1298828125,327.7900085449219,4188.1298828125,329.17999267578125,4213.419921875,324.79998779296875,4182.52001953125,327.0799865722656,4205.93994140625,16437000,3420870000
2021-05-26,327.6600036621094,4195.990234375,327.6600036621094,4195.990234375,329.8299865722656,4202.60986328125,325.82000732421875,4184.10986328125,328.3500061035156,4191.58984375,9686900,3674490000
2021-05-27,332.75,4200.8798828125,332.75,4200.8798828125,333.7799987792969,4213.3798828125,326.760009765625,4197.77978515625,328.0,4201.93994140625,20477700,5201110000
2021-05-28,328.7300109863281,4204.10986328125,328.7300109863281,4204.10986328125,332.8699951171875,4218.35986328125,328.3299865722656,4203.56982421875,331.0,4210.77001953125,12037400,4199270000
2021-06-01,329.1300048828125,4202.0400390625,329.1300048828125,4202.0400390625,331.4200134277344,4234.1201171875,326.6400146484375,4197.58984375,330.1499938964844,4216.52001953125,11765900,4122960000
2021-06-02,329.1499938964844,4208.1201171875,329.1499938964844,4208.1201171875,331.8699951171875,4217.3701171875,327.1199951171875,4198.27001953125,330.3800048828125,4206.81982421875,11654300,4860930000
2021-06-03,326.0400085449219,4192.85009765625,326.0400085449219,4192.85009765625,327.3800048828125,4204.39013671875,323.4800109863281,4167.93017578125,325.7799987792969,4191.43017578125,12610800,4579450000
2021-06-04,330.3500061035156,4229.89013671875,330.3500061035156,4229.89013671875,332.4599914550781,4233.4501953125,325.17999267578125,4206.0498046875,325.8999938964844,4206.0498046875,13289400,3487070000
2021-06-07,336.5799865722656,4226.52001953125,336.5799865722656,4226.52001953125,337.69000244140625,4232.33984375,328.92999267578125,4215.66015625,329.4800109863281,4229.33984375,20136700,3835570000
2021-06-08,333.67999267578125,4227.259765625,333.67999267578125,4227.259765625,338.29998779296875,4236.740234375,332.239990234375,4208.41015625,336.70001220703125,4233.81005859375,14580500,3943870000
2021-06-09,330.25,4219.5498046875,330.25,4219.5498046875,336.79998779296875,4237.08984375,330.0,4218.740234375,335.739990234375,4232.990234375,13727900,3902870000
2021-06-10,332.4599914550781,4239.18017578125,332.4599914550781,4239.18017578125,333.94000244140625,4249.740234375,328.54998779296875,4220.33984375,330.7900085449219,4228.56005859375,13240200,3502480000
2021-06-11,331.260009765625,4247.43994140625,331.260009765625,4247.43994140625,332.8299865722656,4248.3798828125,328.92999267578125,4232.25,332.5799865722656,4242.89990234375,13587900,3204280000
2021-06-14,336.7699890136719,4255.14990234375,336.7699890136719,4255.14990234375,336.82000732421875,4255.58984375,329.80999755859375,4234.06982421875,331.8999938964844,4248.31005859375,12250800,3612050000
2021-06-15,336.75,4246.58984375,336.75,4246.58984375,339.9200134277344,4257.16015625,335.0299987792969,4238.35009765625,336.989990234375,4255.27978515625,15795200,3578450000
2021-06-16,331.0799865722656,4223.7001953125,331.0799865722656,4223.7001953125,337.54998779296875,4251.89013671875,328.7200012207031,4202.4501953125,336.70001220703125,4248.8701171875,17232200,3722050000
2021-06-17,336.510009765625,4221.85986328125,336.510009765625,4221.85986328125,337.9800109863281,4232.2900390625,330.1499938964844,4196.0498046875,330.489990234375,4220.3701171875,17794100,3952110000
2021-06-18,329.6600036621094,4166.4501953125,329.6600036621094,4166.4501953125,336.1499938964844,4204.77978515625,329.0,4164.39990234375,334.5299987792969,4204.77978515625,23039500,6084980000
2021-06-21,332.2900085449219,4224.7900390625,332.2900085449219,4224.7900390625,332.9200134277344,4226.240234375,327.6499938964844,4173.39990234375,331.0899963378906,4173.39990234375,11337500,3391740000
2021-06-22,339.0299987792969,4246.43994140625,339.0299987792969,4246.43994140625,339.9200134277344,4255.83984375,332.6000061035156,4217.27001953125,332.69000244140625,4224.60986328125,15345300,3208760000
2021-06-23,340.5899963378906,4241.83984375,340.5899963378906,4241.83984375,343.4200134277344,4256.60009765625,338.20001220703125,4241.43017578125,339.3500061035156,4249.27001953125,14817800,3172440000
2021-06-24,343.17999267578125,4266.490234375,343.17999267578125,4266.490234375,344.8999938964844,4271.27978515625,341.7900085449219,4256.97021484375,341.8500061035156,4256.97021484375,12329100,3141680000
2021-06-25,341.3699951171875,4280.7001953125,341.3699951171875,4280.7001953125,344.1199951171875,4286.1201171875,339.67999267578125,4271.16015625,342.5899963378906,4274.4501953125,14594400,6248390000
2021-06-28,355.6400146484375,4290.60986328125,355.6400146484375,4290.60986328125,358.1400146484375,4292.14013671875,341.7699890136719,4274.669921875,342.4599914550781,4284.89990234375,29156100,3415610000
2021-06-29,351.8900146484375,4291.7998046875,351.8900146484375,4291.7998046875,356.739990234375,4300.52001953125,349.04998779296875,4287.0400390625,356.2699890136719,4293.2099609375,21417300,3049560000
2021-06-30,347.7099914550781,4297.5,347.7099914550781,4297.5,352.9200134277344,4302.43017578125,347.1700134277344,4287.9599609375,352.1700134277344,4290.64990234375,15107500,3687880000
2021-07-01,354.3900146484375,4319.93994140625,354.3900146484375,4319.93994140625,354.6700134277344,4320.66015625,346.5,4300.72998046875,346.82000732421875,4300.72998046875,17137000,3077580000
2021-07-02,354.70001220703125,4352.33984375,354.70001220703125,4352.33984375,356.44000244140625,4355.43017578125,352.6199951171875,4326.60009765625,355.1000061035156,4326.60009765625,11521300,2628550000
2021-07-06,352.7799987792969,4343.5400390625,352.7799987792969,4343.5400390625,358.7900085449219,4356.4599609375,349.17999267578125,4314.3701171875,356.5,4356.4599609375,13488500,3437900000
2021-07-07,350.489990234375,4358.1298828125,350.489990234375,4358.1298828125,356.489990234375,4361.8798828125,350.0,4329.7900390625,355.260009765625,4351.009765625,14218900,3243900000
2021-07-08,345.6499938964844,4320.81982421875,345.6499938964844,4320.81982421875,348.3299865722656,4330.8798828125,342.55999755859375,4289.3701171875,345.7300109863281,4321.06982421875,14406500,3393780000
2021-07-09,350.4200134277344,4369.5498046875,350.4200134277344,4369.5498046875,350.7099914550781,4371.60009765625,345.2699890136719,4329.3798828125,345.32000732421875,4329.3798828125,13018700,2738280000
2021-07-12,353.1600036621094,4384.6298828125,353.1600036621094,4384.6298828125,354.19000244140625,4386.68017578125,349.6400146484375,4364.02978515625,351.2300109863281,4372.41015625,10018600,2983980000
2021-07-13,352.0899963378906,4369.2099609375,352.0899963378906,4369.2099609375,358.489990234375,4392.3701171875,348.79998779296875,4366.919921875,351.5,4381.06982421875,11456000,3166900000
2021-07-14,347.6300048828125,4374.2998046875,347.6300048828125,4374.2998046875,355.20001220703125,4393.68017578125,346.7300109863281,4362.35986328125,354.55999755859375,4380.10986328125,13894200,3213870000
2021-07-15,344.4599914550781,4360.02978515625,344.4599914550781,4360.02978515625,349.2300109863281,4369.02001953125,340.2200012207031,4340.7001953125,349.2300109863281,4369.02001953125,14781600,3226930000
2021-07-16,341.1600036621094,4327.16015625,341.1600036621094,4327.16015625,345.989990234375,4375.08984375,340.1400146484375,4322.52978515625,344.9100036621094,4367.43017578125,11026100,3165160000
2021-07-19,336.95001220703125,4258.490234375,336.95001220703125,4258.490234375,339.7900085449219,4296.39990234375,334.5400085449219,4233.1298828125,337.57000732421875,4296.39990234375,14372300,4155790000
2021-07-20,341.6600036621094,4323.06005859375,341.6600036621094,4323.06005859375,343.45001220703125,4336.83984375,334.5,4262.0498046875,338.79998779296875,4265.10986328125,11024300,3634190000
2021-07-21,346.2300109863281,4358.68994140625,346.2300109863281,4358.68994140625,346.5199890136719,4359.7001953125,341.25,4331.1298828125,341.5,4331.1298828125,9279700,3078550000
2021-07-22,351.19000244140625,4367.47998046875,351.19000244140625,4367.47998046875,351.5400085449219,4369.8701171875,345.2099914550781,4350.06005859375,346.67999267578125,4361.27001953125,12385400,2907910000
2021-07-23,369.7900085449219,4411.7900390625,369.7900085449219,4411.7900390625,375.3299865722656,4415.18017578125,357.19000244140625,4381.2001953125,360.9100036621094,4381.2001953125,33694300,3490730000
2021-07-26,372.4599914550781,4422.2998046875,372.4599914550781,4422.2998046875,374.44000244140625,4422.72998046875,368.2200012207031,4405.4501953125,369.5799865722656,4409.580078125,14925200,2679110000
2021-07-27,367.80999755859375,4401.4599609375,367.80999755859375,4401.4599609375,373.1499938964844,4416.3798828125,364.54998779296875,4372.509765625,371.9100036621094,4416.3798828125,15705400,3381080000
2021-07-28,373.2799987792969,4400.64013671875,373.2799987792969,4400.64013671875,377.54998779296875,4415.47021484375,366.92999267578125,4387.009765625,374.55999755859375,4402.9501953125,29676900,3215130000
2021-07-29,358.32000732421875,4419.14990234375,358.32000732421875,4419.14990234375,365.5199890136719,4429.97021484375,356.739990234375,4403.58984375,361.0,4403.58984375,33413200,2815510000
2021-07-30,356.29998779296875,4395.259765625,356.29998779296875,4395.259765625,360.7300109863281,4412.25,352.94000244140625,4389.64990234375,354.0,4395.1201171875,15966700,2861600000
2021-08-02,351.95001220703125,4387.16015625,351.95001220703125,4387.16015625,359.3999938964844,4422.18017578125,350.739990234375,4384.81005859375,358.1000061035156,4406.85986328125,13180400,2919940000
2021-08-03,351.239990234375,4423.14990234375,351.239990234375,4423.14990234375,353.7699890136719,4423.7900390625,347.70001220703125,4373.0,352.7300109863281,4392.740234375,12406100,3305340000
2021-08-04,358.9200134277344,4402.66015625,358.9200134277344,4402.66015625,360.4800109863281,4416.169921875,351.510009765625,4400.22998046875,352.4200134277344,4415.9501953125,14180600,3382620000
2021-08-05,362.9700012207031,4429.10009765625,362.9700012207031,4429.10009765625,363.8999938964844,4429.759765625,356.8999938964844,4408.85986328125,359.6400146484375,4408.85986328125,10247200,2734220000
2021-08-06,363.510009765625,4436.52001953125,363.510009765625,4436.52001953125,365.1499938964844,4440.81982421875,361.3999938964844,4429.06982421875,361.3999938964844,4429.06982421875,8918100,2839970000
2021-08-09,361.6099853515625,4432.35009765625,361.6099853515625,4432.35009765625,365.7799987792969,4439.39013671875,360.75,4424.740234375,363.760009765625,4437.77001953125,7798900,2779880000
2021-08-10,361.1300048828125,4436.75,361.1300048828125,4436.75,364.1000061035156,4445.2099609375,359.0400085449219,4430.02978515625,361.8299865722656,4435.7900390625,7469900,3219840000
2021-08-11,359.9599914550781,4442.41015625,359.9599914550781,4442.41015625,362.3599853515625,4449.43994140625,357.80999755859375,4436.419921875,362.1000061035156,4442.18017578125,8400300,2803060000
2021-08-12,362.6499938964844,4460.830078125,362.6499938964844,4460.830078125,363.0,4461.77001953125,357.1099853515625,4435.9599609375,358.45001220703125,4446.080078125,7170700,2543860000
2021-08-13,363.17999267578125,4468.0,363.17999267578125,4468.0,364.6600036621094,4468.3701171875,361.4800109863281,4460.81982421875,362.9700012207031,4464.83984375,7192500,2371630000
2021-08-16,366.55999755859375,4472.93994140625,366.55999755859375,4472.93994140625,366.95001220703125,4473.259765625,357.3800048828125,4437.66015625,362.5199890136719,4461.64990234375,11222100,2707170000
2021-08-17,358.45001220703125,4448.080078125,358.45001220703125,4448.080078125,364.6700134277344,4462.1201171875,355.07000732421875,4417.830078125,362.9800109863281,4462.1201171875,12328700,2884000000
2021-08-18,355.45001220703125,4400.27001953125,355.45001220703125,4400.27001953125,359.8599853515625,4454.31982421875,355.1499938964844,4397.58984375,356.25,4440.93994140625,10042400,2965210000
2021-08-19,355.1199951171875,4405.7998046875,355.1199951171875,4405.7998046875,357.57000732421875,4418.60986328125,351.0,4367.72998046875,351.3500061035156,4382.43994140625,12004500,3120840000
2021-08-20,359.3699951171875,4441.669921875,359.3699951171875,4441.669921875,359.989990234375,4444.35009765625,353.30999755859375,4406.7998046875,354.6000061035156,4410.56005859375,8693500,2867770000
2021-08-23,363.3500061035156,4479.52978515625,363.3500061035156,4479.52978515625,365.69000244140625,4489.8798828125,359.1000061035156,4450.2900390625,359.44000244140625,4450.2900390625,10942000,2965520000
2021-08-24,365.510009765625,4486.22998046875,365.510009765625,4486.22998046875,367.9599914550781,4492.81005859375,361.8399963378906,4482.27978515625,363.6600036621094,4484.39990234375,9235100,3037770000
2021-08-25,368.3900146484375,4496.18994140625,368.3900146484375,4496.18994140625,370.8599853515625,4501.7099609375,365.3999938964844,4485.66015625,365.6000061035156,4490.4501953125,9684500,2554680000
2021-08-26,364.3800048828125,4470.0,364.3800048828125,4470.0,369.44000244140625,4495.89990234375,364.1300048828125,4468.990234375,368.3800048828125,4493.75,7888700,2704600000
2021-08-27,372.6300048828125,4509.3701171875,372.6300048828125,4509.3701171875,373.739990234375,4513.330078125,364.0799865722656,4474.10009765625,365.1000061035156,4474.10009765625,11214200,2862360000
2021-08-30,380.6600036621094,4528.7900390625,380.6600036621094,4528.7900390625,381.489990234375,4537.35986328125,370.5199890136719,4513.759765625,372.55999755859375,4513.759765625,13547300,2557300000
2021-08-31,379.3800048828125,4522.68017578125,379.3800048828125,4522.68017578125,382.760009765625,4531.39013671875,378.79998779296875,4515.7998046875,379.95001220703125,4529.75,12345400,3090380000
2021-09-01,382.04998779296875,4524.08984375,382.04998779296875,4524.08984375,384.3299865722656,4537.10986328125,378.80999755859375,4522.02001953125,379.5899963378906,4528.7998046875,11567200,3101830000
2021-09-02,375.2799987792969,4536.9501953125,375.2799987792969,4536.9501953125,381.75,4545.85009765625,374.05999755859375,4524.66015625,381.5,4534.47998046875,14832900,2897010000
2021-09-03,376.260009765625,4535.43017578125,376.260009765625,4535.43017578125,377.1600036621094,4541.4501953125,373.1099853515625,4521.2998046875,374.75,4532.419921875,7509600,2609660000
2021-09-07,382.17999267578125,4520.02978515625,382.17999267578125,4520.02978515625,382.9599914550781,4535.3798828125,373.1499938964844,4513.0,375.8800048828125,4535.3798828125,10793800,3098870000
2021-09-08,377.57000732421875,4514.06982421875,377.57000732421875,4514.06982421875,380.8699951171875,4521.7900390625,374.7900085449219,4493.9501953125,380.1600036621094,4518.08984375,11067200,2808480000
2021-09-09,378.0,4493.27978515625,378.0,4493.27978515625,379.8299865722656,4529.89990234375,376.57000732421875,4492.06982421875,377.6400146484375,4513.02001953125,9098900,3035300000
2021-09-10,378.69000244140625,4458.580078125,378.69000244140625,4458.580078125,383.7900085449219,4520.47021484375,378.260009765625,4457.66015625,381.3599853515625,4506.919921875,11537600,2851140000
2021-09-13,376.510009765625,4468.72998046875,376.510009765625,4468.72998046875,381.75,4492.990234375,374.3500061035156,4445.7001953125,381.67999267578125,4474.81005859375,13026300,3096390000
2021-09-14,376.5299987792969,4443.0498046875,376.5299987792969,4443.0498046875,378.5899963378906,4485.68017578125,375.1099853515625,4435.4599609375,377.3999938964844,4479.330078125,8711600,2568730000
2021-09-15,373.9200134277344,4480.7001953125,373.9200134277344,4480.7001953125,377.55999755859375,4486.8701171875,367.6700134277344,4438.3701171875,377.0,4447.490234375,17940300,3154760000
2021-09-16,373.05999755859375,4473.75,373.05999755859375,4473.75,373.55999755859375,4485.8701171875,369.7099914550781,4443.7998046875,372.7900085449219,4477.08984375,11934200,3321030000
2021-09-17,364.7200012207031,4432.990234375,364.7200012207031,4432.990234375,371.4100036621094,4471.52001953125,361.5899963378906,4427.759765625,371.4100036621094,4469.740234375,26274000,5622210000
2021-09-20,355.70001220703125,4357.72998046875,355.70001220703125,4357.72998046875,361.0299987792969,4402.9501953125,349.79998779296875,4305.91015625,359.29998779296875,4402.9501953125,19822800,3773680000
2021-09-21,357.4800109863281,4354.18994140625,357.4800109863281,4354.18994140625,360.0400085449219,4394.8701171875,355.19000244140625,4347.9599609375,358.5,4374.4501953125,11751900,3044300000
2021-09-22,343.2099914550781,4395.64013671875,343.2099914550781,4395.64013671875,349.8399963378906,4416.75,340.69000244140625,4367.43017578125,347.2300109863281,4367.43017578125,43692900,3273670000
2021-09-23,345.9599914550781,4448.97998046875,345.9599914550781,4448.97998046875,349.6700134277344,4465.39990234375,343.0,4406.75,345.3599853515625,4406.75,21806300,2833290000
2021-09-24,352.9599914550781,4455.47998046875,352.9599914550781,4455.47998046875,354.3500061035156,4463.1201171875,342.3699951171875,4430.27001953125,343.239990234375,4438.0400390625,18783900,2772090000
